compound	timepoint	hours	replicate	absorbance_raw	blank	absorbance_corrected	epsilon_M_1cm_1	concentration_uM
actinorhodin	T1	12	1	0.0482	0.0386	0.0096	25320	0.379
actinorhodin	T1	12	2	0.0482	0.0386	0.0096	25320	0.379
actinorhodin	T1	12	3	0.0485	0.0386	0.0099	25320	0.391
actinorhodin	T1	12	4	0.0482	0.0386	0.0096	25320	0.379
actinorhodin	T2	24	1	0.0577	0.0386	0.0191	25320	0.754
actinorhodin	T2	24	2	0.0582	0.0386	0.0196	25320	0.774
actinorhodin	T2	24	3	0.0586	0.0386	0.02	25320	0.79
actinorhodin	T2	24	4	0.057	0.0386	0.0184	25320	0.727
actinorhodin	T3	50	1	0.2395	0.0386	0.2009	25320	7.934
actinorhodin	T3	50	2	0.2184	0.0386	0.1798	25320	7.101
actinorhodin	T3	50	3	0.2298	0.0386	0.1912	25320	7.551
actinorhodin	T3	50	4	0.1855	0.0386	0.1469	25320	5.802
undecylprodigiosin	T1	12	1	0.0427	0.0404	0.0023	100500	0.023
undecylprodigiosin	T1	12	2	0.0408	0.0404	0.0004	100500	0.004
undecylprodigiosin	T1	12	3	0.0409	0.0404	0.0005	100500	0.005
undecylprodigiosin	T1	12	4	0.0415	0.0404	0.0011	100500	0.011
undecylprodigiosin	T2	24	1	0.1206	0.0404	0.0802	100500	0.798
undecylprodigiosin	T2	24	2	0.1144	0.0404	0.074	100500	0.736
undecylprodigiosin	T2	24	3	0.121	0.0404	0.0806	100500	0.802
undecylprodigiosin	T2	24	4	0.1195	0.0404	0.0791	100500	0.787
undecylprodigiosin	T3	50	1	1.5776	0.0404	1.5372	100500	15.296
undecylprodigiosin	T3	50	2	1.3828	0.0404	1.3424	100500	13.357
undecylprodigiosin	T3	50	3	1.2974	0.0404	1.257	100500	12.507
undecylprodigiosin	T3	50	4	1.1737	0.0404	1.1333	100500	11.277
