measurement	timepoint	hours	replicate	value	unit
undecylprodigiosin_mg_L	T1	12	1	0.009007081	mg/L
undecylprodigiosin_mg_L	T1	12	2	0.00156646	mg/L
undecylprodigiosin_mg_L	T1	12	3	0.001958064	mg/L
undecylprodigiosin_mg_L	T1	12	4	0.004307731	mg/L
undecylprodigiosin_mg_L	T2	24	1	0.314072782	mg/L
undecylprodigiosin_mg_L	T2	24	2	0.28979284	mg/L
undecylprodigiosin_mg_L	T2	24	3	0.315639227	mg/L
undecylprodigiosin_mg_L	T2	24	4	0.309765036	mg/L
undecylprodigiosin_mg_L	T3	50	1	6.019858761	mg/L
undecylprodigiosin_mg_L	T3	50	2	5.256998626	mg/L
undecylprodigiosin_mg_L	T3	50	3	4.922562087	mg/L
undecylprodigiosin_mg_L	T3	50	4	4.438138028	mg/L
actinorhodin_mg_L	T1	12	1	0.027566903	mg/L
actinorhodin_mg_L	T1	12	2	0.0	mg/L
actinorhodin_mg_L	T1	12	3	0.030073028	mg/L
actinorhodin_mg_L	T1	12	4	0.037591215	mg/L
actinorhodin_mg_L	T2	24	1	0.097737178	mg/L
actinorhodin_mg_L	T2	24	2	0.045109495	mg/L
actinorhodin_mg_L	T2	24	3	0.100243302	mg/L
actinorhodin_mg_L	T2	24	4	0.085206835	mg/L
actinorhodin_mg_L	T3	50	1	11.41520407	mg/L
actinorhodin_mg_L	T3	50	2	10.04187096	mg/L
actinorhodin_mg_L	T3	50	3	10.26992494	mg/L
actinorhodin_mg_L	T3	50	4	7.996908415	mg/L
dry_cell_weight_g_L	T1	12	1	1.41	g/L
dry_cell_weight_g_L	T1	12	2	2.06	g/L
dry_cell_weight_g_L	T1	12	3	1.85	g/L
dry_cell_weight_g_L	T1	12	4	1.66	g/L
dry_cell_weight_g_L	T2	24	1	5.54	g/L
dry_cell_weight_g_L	T2	24	2	5.68	g/L
dry_cell_weight_g_L	T2	24	3	6.26	g/L
dry_cell_weight_g_L	T2	24	4	5.4	g/L
dry_cell_weight_g_L	T3	50	1	6.55	g/L
dry_cell_weight_g_L	T3	50	2	5.73	g/L
dry_cell_weight_g_L	T3	50	3	6.15	g/L
dry_cell_weight_g_L	T3	50	4	5.88	g/L
